sku,stock
BJT023,27
BJT015,51
V1006S,9
LE9878,5
V8296,2
BJ488,3
LE10947,3
LE10616,1
T0067,3
T0068,2
M38-B0577,355
H118,2
PL103,1
TV439,14
TV317,1
JEMLE50400,1
LE11005,13
JT154,1
PL112,1
LE11608,134
LE11665,7
LE11684,44
2D11925,618
V4093B,58
V8370,5
LE11917,163
UG70087,25
LE12242,26
TV607,12
LE12241,17
LE12310,1
LE12328,4
UG70100,3
M38-B1122,52
TV453,2
LE12424,11
2D33818,199
2D33820,250
2D33819,280
2D33829,88
2D33825,432
TV338,5
2D33831,873
2D33837,46
2D33834,0
LE12622,7
2D33877,319
2D33899,106
2D33898,95
UG70157,3
2D98179,634
2D98237,462
V2351,7
2D98233,955
2D98221,0
2D98222,411
2D98264,89
UG70158,10
UG70160,9
UG70161,7
UG70159,30
MI06,0
MR03S,37
2D98265,489
2D98268,144
